{
  "callGasLimit": 20056,
  "verificationGasLimit": 20016,
  "preVerificationGas": 21000,
  "maxFeePerGas": 1.0464071323052537,
  "maxPriorityFeePerGas": 1.046303247467031,
  "bundleSize": 1,
  "callData": "0xa9059cbb000000000000000000000000dc00314962e3aced0094b01e6a0ecb8946e1218e0000000000000000000000000000000000000000000000000000000000000064"
}