{
  "callGasLimit": 20001,
  "verificationGasLimit": 20003,
  "preVerificationGas": 21018,
  "maxFeePerGas": 1.028072315921053,
  "maxPriorityFeePerGas": 1.0278889729423193,
  "bundleSize": 1,
  "callData": "0xa9059cbb000000000000000000000000dc00314962e3aced0094b01e6a0ecb8946e1218e0000000000000000000000000000000000000000000000000000000000000064"
}