{
  "callGasLimit": 20059,
  "verificationGasLimit": 20011,
  "preVerificationGas": 21061,
  "maxFeePerGas": 1.0428565341039089,
  "maxPriorityFeePerGas": 1.0416650987099354,
  "bundleSize": 1,
  "callData": "0xa9059cbb000000000000000000000000dc00314962e3aced0094b01e6a0ecb8946e1218e0000000000000000000000000000000000000000000000000000000000000064"
}