{
  "callGasLimit": 20013,
  "verificationGasLimit": 20040,
  "preVerificationGas": 21150,
  "maxFeePerGas": 1.0049783774310954,
  "maxPriorityFeePerGas": 1.0028485318321723,
  "bundleSize": 1,
  "callData": "0xa9059cbb000000000000000000000000dc00314962e3aced0094b01e6a0ecb8946e1218e0000000000000000000000000000000000000000000000000000000000000064"
}