{
  "callGasLimit": 20034,
  "verificationGasLimit": 20032,
  "preVerificationGas": 21016,
  "maxFeePerGas": 1.0172567962362518,
  "maxPriorityFeePerGas": 1.0171085156958306,
  "bundleSize": 1,
  "callData": "0xa9059cbb000000000000000000000000dc00314962e3aced0094b01e6a0ecb8946e1218e0000000000000000000000000000000000000000000000000000000000000064"
}