{
  "callGasLimit": 20026,
  "verificationGasLimit": 20002,
  "preVerificationGas": 21040,
  "maxFeePerGas": 1.0179010759800424,
  "maxPriorityFeePerGas": 1.0120917215970389,
  "bundleSize": 1,
  "callData": "0xa9059cbb000000000000000000000000dc00314962e3aced0094b01e6a0ecb8946e1218e0000000000000000000000000000000000000000000000000000000000000064"
}