{
  "callGasLimit": 20007,
  "verificationGasLimit": 20026,
  "preVerificationGas": 21012,
  "maxFeePerGas": 1.0607805299932158,
  "maxPriorityFeePerGas": 1.0602416119162636,
  "bundleSize": 1,
  "callData": "0xa9059cbb000000000000000000000000dc00314962e3aced0094b01e6a0ecb8946e1218e0000000000000000000000000000000000000000000000000000000000000064"
}