{
  "callGasLimit": 20099,
  "verificationGasLimit": 20004,
  "preVerificationGas": 21036,
  "maxFeePerGas": 1.016014092797171,
  "maxPriorityFeePerGas": 1.012780760411158,
  "bundleSize": 1,
  "callData": "0xa9059cbb000000000000000000000000dc00314962e3aced0094b01e6a0ecb8946e1218e0000000000000000000000000000000000000000000000000000000000000064"
}