{
  "callGasLimit": 20013,
  "verificationGasLimit": 20004,
  "preVerificationGas": 21131,
  "maxFeePerGas": 1.0190187282858436,
  "maxPriorityFeePerGas": 1.0155157935820958,
  "bundleSize": 1,
  "callData": "0xa9059cbb000000000000000000000000dc00314962e3aced0094b01e6a0ecb8946e1218e0000000000000000000000000000000000000000000000000000000000000064"
}