{
  "callGasLimit": 20110,
  "verificationGasLimit": 20017,
  "preVerificationGas": 21153,
  "maxFeePerGas": 1.009780700262413,
  "maxPriorityFeePerGas": 1.0097450098119427,
  "bundleSize": 1,
  "callData": "0xa9059cbb000000000000000000000000dc00314962e3aced0094b01e6a0ecb8946e1218e0000000000000000000000000000000000000000000000000000000000000064"
}