{
  "callGasLimit": 20018,
  "verificationGasLimit": 20003,
  "preVerificationGas": 21100,
  "maxFeePerGas": 1.0041251460088132,
  "maxPriorityFeePerGas": 1.0002493717595033,
  "bundleSize": 1,
  "callData": "0xa9059cbb000000000000000000000000dc00314962e3aced0094b01e6a0ecb8946e1218e0000000000000000000000000000000000000000000000000000000000000064"
}