{
  "callGasLimit": 20026,
  "verificationGasLimit": 20000,
  "preVerificationGas": 21034,
  "maxFeePerGas": 1.0276608591871699,
  "maxPriorityFeePerGas": 1.0248332551368584,
  "bundleSize": 1,
  "callData": "0xa9059cbb000000000000000000000000dc00314962e3aced0094b01e6a0ecb8946e1218e0000000000000000000000000000000000000000000000000000000000000064"
}