{
  "callGasLimit": 20014,
  "verificationGasLimit": 20004,
  "preVerificationGas": 21012,
  "maxFeePerGas": 1.044162727470597,
  "maxPriorityFeePerGas": 1.0380816318178638,
  "bundleSize": 1,
  "callData": "0xa9059cbb000000000000000000000000dc00314962e3aced0094b01e6a0ecb8946e1218e0000000000000000000000000000000000000000000000000000000000000064"
}