{
  "callGasLimit": 20064,
  "verificationGasLimit": 20002,
  "preVerificationGas": 21070,
  "maxFeePerGas": 1.010911442547349,
  "maxPriorityFeePerGas": 0.9865688944942218,
  "bundleSize": 1,
  "callData": "0xa9059cbb000000000000000000000000dc00314962e3aced0094b01e6a0ecb8946e1218e0000000000000000000000000000000000000000000000000000000000000064"
}