{
  "callGasLimit": 20015,
  "verificationGasLimit": 20009,
  "preVerificationGas": 21054,
  "maxFeePerGas": 1.0092326983009472,
  "maxPriorityFeePerGas": 1.00899400186285,
  "bundleSize": 1,
  "callData": "0xa9059cbb000000000000000000000000dc00314962e3aced0094b01e6a0ecb8946e1218e0000000000000000000000000000000000000000000000000000000000000064"
}