{
  "callGasLimit": 20014,
  "verificationGasLimit": 20018,
  "preVerificationGas": 21029,
  "maxFeePerGas": 1.0515933482899535,
  "maxPriorityFeePerGas": 1.0515073046048602,
  "bundleSize": 1,
  "callData": "0xa9059cbb000000000000000000000000dc00314962e3aced0094b01e6a0ecb8946e1218e0000000000000000000000000000000000000000000000000000000000000064"
}