{
  "callGasLimit": 20054,
  "verificationGasLimit": 20036,
  "preVerificationGas": 21057,
  "maxFeePerGas": 1.0139960622557562,
  "maxPriorityFeePerGas": 1.0081799342036948,
  "bundleSize": 1,
  "callData": "0xa9059cbb000000000000000000000000dc00314962e3aced0094b01e6a0ecb8946e1218e0000000000000000000000000000000000000000000000000000000000000064"
}