{
  "callGasLimit": 30426,
  "verificationGasLimit": 20001,
  "preVerificationGas": 21030,
  "maxFeePerGas": 1.004727605,
  "maxPriorityFeePerGas": 0.102826794,
  "bundleSize": 1,
  "callData": "0xb61d27f60000000000000000000000008d68da902c9d80fb39d89d509c25a1c0241489d3000000000000000000000000000000000000000000000000000000000000000000000000000000000000000000000000000000000000000000000000000000600000000000000000000000000000000000000000000000000000000000000044095ea7b3000000000000000000000000d2db07ec45d7e83d4cc4c4da7e528c4374d640290000000000000000000000000000000000000000000000008ac7230489e8000000000000000000000000000000000000000000000000000000000000"
}