{
  "callGasLimit": 20031,
  "verificationGasLimit": 20002,
  "preVerificationGas": 21021,
  "maxFeePerGas": 1.0143511354386512,
  "maxPriorityFeePerGas": 1.0141996288926949,
  "bundleSize": 1,
  "callData": "0xa9059cbb000000000000000000000000dc00314962e3aced0094b01e6a0ecb8946e1218e0000000000000000000000000000000000000000000000000000000000000064"
}