{
  "callGasLimit": 20125,
  "verificationGasLimit": 20051,
  "preVerificationGas": 21103,
  "maxFeePerGas": 1.1302534497779433,
  "maxPriorityFeePerGas": 1.1276763573919226,
  "bundleSize": 1,
  "callData": "0xa9059cbb000000000000000000000000dc00314962e3aced0094b01e6a0ecb8946e1218e0000000000000000000000000000000000000000000000000000000000000064"
}