{
  "callGasLimit": 20000,
  "verificationGasLimit": 20011,
  "preVerificationGas": 21018,
  "maxFeePerGas": 1.037167409341655,
  "maxPriorityFeePerGas": 1.0356062217955802,
  "bundleSize": 1,
  "callData": "0xa9059cbb000000000000000000000000dc00314962e3aced0094b01e6a0ecb8946e1218e0000000000000000000000000000000000000000000000000000000000000064"
}