{
  "callGasLimit": 20004,
  "verificationGasLimit": 20041,
  "preVerificationGas": 21040,
  "maxFeePerGas": 1.0802245925086973,
  "maxPriorityFeePerGas": 1.0775667720748399,
  "bundleSize": 1,
  "callData": "0xa9059cbb000000000000000000000000dc00314962e3aced0094b01e6a0ecb8946e1218e0000000000000000000000000000000000000000000000000000000000000064"
}