{
  "callGasLimit": 20095,
  "verificationGasLimit": 20013,
  "preVerificationGas": 21106,
  "maxFeePerGas": 1.0655291254701251,
  "maxPriorityFeePerGas": 1.06283454307298,
  "bundleSize": 1,
  "callData": "0xa9059cbb000000000000000000000000dc00314962e3aced0094b01e6a0ecb8946e1218e0000000000000000000000000000000000000000000000000000000000000064"
}