{
  "callGasLimit": 20026,
  "verificationGasLimit": 20017,
  "preVerificationGas": 21012,
  "maxFeePerGas": 1.1154027326531275,
  "maxPriorityFeePerGas": 1.1133782089113304,
  "bundleSize": 1,
  "callData": "0xa9059cbb000000000000000000000000dc00314962e3aced0094b01e6a0ecb8946e1218e0000000000000000000000000000000000000000000000000000000000000064"
}