{
  "callGasLimit": 20007,
  "verificationGasLimit": 20007,
  "preVerificationGas": 21071,
  "maxFeePerGas": 1.0092845012578633,
  "maxPriorityFeePerGas": 1.0092635485391235,
  "bundleSize": 1,
  "callData": "0xa9059cbb000000000000000000000000dc00314962e3aced0094b01e6a0ecb8946e1218e0000000000000000000000000000000000000000000000000000000000000064"
}