{
  "callGasLimit": 20050,
  "verificationGasLimit": 20002,
  "preVerificationGas": 21069,
  "maxFeePerGas": 1.062713438241334,
  "maxPriorityFeePerGas": 1.062500954501394,
  "bundleSize": 5,
  "callData": "0xa9059cbb000000000000000000000000dc00314962e3aced0094b01e6a0ecb8946e1218e0000000000000000000000000000000000000000000000000000000000000064"
}