{
  "callGasLimit": 20011,
  "verificationGasLimit": 20016,
  "preVerificationGas": 21012,
  "maxFeePerGas": 1.0100176266988892,
  "maxPriorityFeePerGas": 1.009370773887696,
  "bundleSize": 100,
  "callData": "0xa9059cbb000000000000000000000000dc00314962e3aced0094b01e6a0ecb8946e1218e0000000000000000000000000000000000000000000000000000000000000064"
}