{
  "callGasLimit": 20014,
  "verificationGasLimit": 20005,
  "preVerificationGas": 21004,
  "maxFeePerGas": 1.2248997271441366,
  "maxPriorityFeePerGas": 1.2248900320081104,
  "bundleSize": 100,
  "callData": "0xa9059cbb000000000000000000000000dc00314962e3aced0094b01e6a0ecb8946e1218e0000000000000000000000000000000000000000000000000000000000000064"
}