{
  "callGasLimit": 20031,
  "verificationGasLimit": 20000,
  "preVerificationGas": 21025,
  "maxFeePerGas": 1.0601917786348452,
  "maxPriorityFeePerGas": 1.0601864378654726,
  "bundleSize": 100,
  "callData": "0xa9059cbb000000000000000000000000dc00314962e3aced0094b01e6a0ecb8946e1218e0000000000000000000000000000000000000000000000000000000000000064"
}