{
  "callGasLimit": 20003,
  "verificationGasLimit": 20003,
  "preVerificationGas": 21088,
  "maxFeePerGas": 1.0057047512638948,
  "maxPriorityFeePerGas": 1.0053448635197608,
  "bundleSize": 5,
  "callData": "0xa9059cbb000000000000000000000000dc00314962e3aced0094b01e6a0ecb8946e1218e0000000000000000000000000000000000000000000000000000000000000064"
}