{
  "callGasLimit": 20017,
  "verificationGasLimit": 20017,
  "preVerificationGas": 21061,
  "maxFeePerGas": 1.0614208613976899,
  "maxPriorityFeePerGas": 1.0580974789702056,
  "bundleSize": 100,
  "callData": "0xa9059cbb000000000000000000000000dc00314962e3aced0094b01e6a0ecb8946e1218e0000000000000000000000000000000000000000000000000000000000000064"
}