{
  "callGasLimit": 20005,
  "verificationGasLimit": 20125,
  "preVerificationGas": 21068,
  "maxFeePerGas": 1.0028325001813765,
  "maxPriorityFeePerGas": 1.0021926253957498,
  "bundleSize": 100,
  "callData": "0xa9059cbb000000000000000000000000dc00314962e3aced0094b01e6a0ecb8946e1218e0000000000000000000000000000000000000000000000000000000000000064"
}