{
  "callGasLimit": 20015,
  "verificationGasLimit": 20003,
  "preVerificationGas": 21002,
  "maxFeePerGas": 1.0692235207085266,
  "maxPriorityFeePerGas": 1.069113854190075,
  "bundleSize": 100,
  "callData": "0xa9059cbb000000000000000000000000dc00314962e3aced0094b01e6a0ecb8946e1218e0000000000000000000000000000000000000000000000000000000000000064"
}