{
  "callGasLimit": 20003,
  "verificationGasLimit": 20003,
  "preVerificationGas": 21008,
  "maxFeePerGas": 1.0041251460088132,
  "maxPriorityFeePerGas": 1.000352106468086,
  "bundleSize": 10,
  "callData": "0xa9059cbb000000000000000000000000dc00314962e3aced0094b01e6a0ecb8946e1218e0000000000000000000000000000000000000000000000000000000000000064"
}