{
  "callGasLimit": 20038,
  "verificationGasLimit": 20002,
  "preVerificationGas": 21010,
  "maxFeePerGas": 1.1302534497779433,
  "maxPriorityFeePerGas": 1.1296982632566468,
  "bundleSize": 10,
  "callData": "0xa9059cbb000000000000000000000000dc00314962e3aced0094b01e6a0ecb8946e1218e0000000000000000000000000000000000000000000000000000000000000064"
}