{
  "callGasLimit": 20043,
  "verificationGasLimit": 20054,
  "preVerificationGas": 21011,
  "maxFeePerGas": 1.0230460112191544,
  "maxPriorityFeePerGas": 1.022249690454578,
  "bundleSize": 10,
  "callData": "0xa9059cbb000000000000000000000000dc00314962e3aced0094b01e6a0ecb8946e1218e0000000000000000000000000000000000000000000000000000000000000064"
}