{
  "callGasLimit": 20001,
  "verificationGasLimit": 20017,
  "preVerificationGas": 21024,
  "maxFeePerGas": 1.0067168128105517,
  "maxPriorityFeePerGas": 1.005389275601346,
  "bundleSize": 5,
  "callData": "0xa9059cbb000000000000000000000000dc00314962e3aced0094b01e6a0ecb8946e1218e0000000000000000000000000000000000000000000000000000000000000064"
}