{
  "callGasLimit": 20150,
  "verificationGasLimit": 20000,
  "preVerificationGas": 21162,
  "maxFeePerGas": 1.0779827761287661,
  "maxPriorityFeePerGas": 1.0740890979492868,
  "bundleSize": 100,
  "callData": "0xa9059cbb000000000000000000000000dc00314962e3aced0094b01e6a0ecb8946e1218e0000000000000000000000000000000000000000000000000000000000000064"
}