{
  "callGasLimit": 20043,
  "verificationGasLimit": 20005,
  "preVerificationGas": 21001,
  "maxFeePerGas": 1.0251264724212237,
  "maxPriorityFeePerGas": 1.024034140295153,
  "bundleSize": 100,
  "callData": "0xa9059cbb000000000000000000000000dc00314962e3aced0094b01e6a0ecb8946e1218e0000000000000000000000000000000000000000000000000000000000000064"
}