{
  "callGasLimit": 20011,
  "verificationGasLimit": 20003,
  "preVerificationGas": 21028,
  "maxFeePerGas": 1.0104310449029796,
  "maxPriorityFeePerGas": 1.0103072521411707,
  "bundleSize": 10,
  "callData": "0xa9059cbb000000000000000000000000dc00314962e3aced0094b01e6a0ecb8946e1218e0000000000000000000000000000000000000000000000000000000000000064"
}