{
  "callGasLimit": 20070,
  "verificationGasLimit": 20035,
  "preVerificationGas": 21003,
  "maxFeePerGas": 1.0780100829633108,
  "maxPriorityFeePerGas": 1.0747417503088743,
  "bundleSize": 1000,
  "callData": "0xa9059cbb000000000000000000000000dc00314962e3aced0094b01e6a0ecb8946e1218e0000000000000000000000000000000000000000000000000000000000000064"
}