{
  "callGasLimit": 20004,
  "verificationGasLimit": 20021,
  "preVerificationGas": 21003,
  "maxFeePerGas": 1.0507951740097556,
  "maxPriorityFeePerGas": 1.0493662583382437,
  "bundleSize": 1000,
  "callData": "0xa9059cbb000000000000000000000000dc00314962e3aced0094b01e6a0ecb8946e1218e0000000000000000000000000000000000000000000000000000000000000064"
}